<?xml version="1.0" encoding="UTF-8"?>
<assembly  xmlns:xsi="http://www.w3.org/2001/XMLSchema-instance" xsi:schemaLocation="http://maven.apache.org/xsd/assembly-1.1.0.xsd">
    <id>bin</id>
    <formats>
        <format>zip</format>
    </formats>
    <files>
        <file>
            <source>target/${project.artifactId}-${project.version}.jar</source>
            <outputDirectory>/</outputDirectory>
            <destName>${project.artifactId}.jar</destName>
        </file>
    </files>
    <dependencySets>
        <dependencySet>
            <outputDirectory>/lib</outputDirectory>
            <unpack>false</unpack>
            <scope>runtime</scope>
            <useProjectArtifact>false</useProjectArtifact>
        </dependencySet>
    </dependencySets>
</assembly>