﻿<?xml version="1.0" encoding="UTF-8"?>
<!DOCTYPE module PUBLIC "-//Puppy Crawl//DTD Check Configuration 1.3//EN"
        "http://www.puppycrawl.com/dtds/configuration_1_3.dtd">

<!--
    This configuration file was written by the eclipse-cs plugin configuration editor
-->
<module name="Checker">
    <property name="severity" value="warning"/>
    <module name="TreeWalker">
        <module name="JavadocMethod">
            <property name="suppressLoadErrors" value="true"/>
            <property name="allowThrowsTagsForSubclasses" value="true"/>
        </module>
        <module name="JavadocType"/>
        <module name="JavadocVariable"/>
        <module name="JavadocStyle">
            <property name="checkFirstSentence" value="false"/>
        </module>
        <module name="ConstantName">
            <property name="format" value="^([A-Z][A-Z0-9]*(_[A-Z0-9]+)*|logger|gson)$"/>
        </module>
        <module name="LocalFinalVariableName"/>
        <module name="LocalVariableName"/>
        <module name="MemberName"/>
        <module name="MethodName"/>
        <module name="PackageName"/>
        <module name="ParameterName"/>
        <module name="StaticVariableName"/>
        <module name="TypeName"/>
        <module name="IllegalImport"/>
        <module name="RedundantImport"/>
        <module name="UnusedImports"/>
        <module name="MethodLength">
            <property name="max" value="300"/>
        </module>
        <module name="ParameterNumber">
            <property name="max" value="10"/>
            <property name="tokens" value="METHOD_DEF"/>
        </module>
        <module name="LineLength">
            <property name="max" value="800"/>
        </module>
        <module name="EmptyForIteratorPad"/>
        <module name="MethodParamPad"/>
        <module name="NoWhitespaceAfter"/>
        <module name="NoWhitespaceBefore"/>
        <module name="OperatorWrap"/>
        <module name="ParenPad"/>
        <module name="TypecastParenPad"/>
        <module name="WhitespaceAfter">
            <property name="tokens" value="COMMA, SEMI"/>
        </module>
        <module name="WhitespaceAround">
            <property name="tokens" value="ASSIGN"/>
        </module>
        <module name="ModifierOrder"/>
        <module name="RedundantModifier"/>
        <module name="AvoidNestedBlocks"/>
        <module name="EmptyBlock"/>
        <module name="LeftCurly"/>
        <module name="NeedBraces"/>
        <module name="RightCurly"/>
        <!-- <module name="AvoidInlineConditionals"/> -->
        <module name="EmptyStatement"/>
        <module name="EqualsHashCode"/>
        <module name="HiddenField">
            <property name="tokens" value="VARIABLE_DEF"/>
        </module>
        <module name="IllegalInstantiation"/>
        <module name="InnerAssignment"/>
        <module name="MissingSwitchDefault"/>
        <module name="RedundantThrows">
            <property name="suppressLoadErrors" value="true"/>
        </module>
        <module name="SimplifyBooleanExpression"/>
        <module name="SimplifyBooleanReturn"/>
        <module name="DesignForExtension"/>
        <module name="FinalClass"/>
        <module name="HideUtilityClassConstructor"/>
        <module name="InterfaceIsType"/>
        <module name="ArrayTypeStyle"/>
        <module name="FinalParameters"/>
        <module name="TodoComment"/>
        <module name="UpperEll"/>
    </module>
    <module name="JavadocPackage"/>
    <!-- <module name="NewlineAtEndOfFile"/> -->
    <module name="Translation"/>
    <module name="FileLength"/>
    <module name="FileTabCharacter"/>
    <module name="RegexpSingleline">
        <property name="format" value="\s+$"/>
        <property name="message" value="Line has trailing spaces."/>
    </module>
    <module name="SuppressionFilter">
        <property name="file" value="${checkstyle.suppressions.file}"/>
    </module>
</module>
