<configuration>
    <appender name="STDOUT" class="ch.qos.logback.core.ConsoleAppender">
        <encoder>
            <pattern>%-5level %d{HH:mm:ss.SSS} %logger{10} [%file:%line] - %msg%n</pattern>
        </encoder>
    </appender>

    <root level="${log.root.level}">
        <appender-ref ref="STDOUT"/>
    </root>

    <logger name="fr.iut.rm" level="info"/>
    <logger name="org.hibernate" level="warn"/>
    <logger name="org.hibernate.SQL" level="debug"/>
    <logger name="cli" level="info">
        <appender-ref ref="FILE"/>
    </logger>
</configuration>